"Authors","Author full names","Author(s) ID","Title","Year","Source title","Volume","Issue","Art. No.","Page start","Page end","Page count","Cited by","DOI","Link","Document Type","Publication Stage","Open Access","Source","EID"
"Kowalik G.T.; Steeden J.A.; Pandya B.; Atkinson D.; Taylor A.M.; Muthurangu V.","Kowalik, Grzegorz T (6602362169); Steeden, Jennifer A (36605240600); Pandya, Bejal (12545915200); Atkinson, David (57216116485); Taylor, Andrew M (57195810900); Muthurangu, Vivek (7801671480)","6602362169; 36605240600; 12545915200; 57216116485; 57195810900; 7801671480","Real time flow with fast GPU reconstruction for continuous assessment of cardiac output","2012","Journal of Cardiovascular Magnetic Resonance","14","","W63","","","","1","10.1186/1532-429X-14-S1-W63","https://www.scopus.com/inward/record.uri?eid=2-s2.0-84881103581&doi=10.1186%2f1532-429X-14-S1-W63&partnerID=40&md5=6f9f9d5ae48a82e5c2d2cf8c51e2cd1b","Article","Final","All Open Access; Gold Open Access; Green Open Access","Scopus","2-s2.0-84881103581"
"Biglino G.; Cosentino D.; Castelli M.; De Nova L.; Ntsinjana H.N.; Steeden J.A.; Taylor A.M.; Schievano S.","Biglino, Giovanni (23099141600); Cosentino, Daria (41861298500); Castelli, Matteo (56050492700); De Nova, Lorenzo (56050122500); Ntsinjana, Hopewell N. (53866882200); Steeden, Jennifer A. (36605240600); Taylor, Andrew M. (57195810900); Schievano, Silvia (13410386200)","23099141600; 41861298500; 56050492700; 56050122500; 53866882200; 36605240600; 57195810900; 13410386200","Combining 4D MR flow experimental data and computational fluid dynamics to study the neoaorta in patients with repaired transposition of the great arteries","2013","ASME 2013 Summer Bioengineering Conference, SBC 2013","1 B","","","","","","1","10.1115/SBC2013-14456","https://www.scopus.com/inward/record.uri?eid=2-s2.0-84894663279&doi=10.1115%2fSBC2013-14456&partnerID=40&md5=ad6f2162e93497317bc32f699b8d5896","Conference paper","Final","","Scopus","2-s2.0-84894663279"
"Steeden J.A.; Muthurangu V.","Steeden, Jennifer A. (36605240600); Muthurangu, Vivek (7801671480)","36605240600; 7801671480","Investigating the limitations of single breath-hold renal artery blood flow measurements using spiral phase contrast MR with R-R interval averaging","2015","Journal of Magnetic Resonance Imaging","41","4","","1143","1149","6","5","10.1002/jmri.24638","https://www.scopus.com/inward/record.uri?eid=2-s2.0-84925335651&doi=10.1002%2fjmri.24638&partnerID=40&md5=9866d760c3bf460d3cd2b08345b8edb0","Article","Final","All Open Access; Bronze Open Access","Scopus","2-s2.0-84925335651"
"Cheang M.H.; Barber N.J.; Khushnood A.; Hauser J.A.; Kowalik G.T.; Steeden J.A.; Quail M.A.; Tullus K.; Hothi D.; Muthurangu V.","Cheang, Mun Hong (56976091500); Barber, Nathaniel J. (56609890400); Khushnood, Abbas (57087011000); Hauser, Jakob A. (37034141400); Kowalik, Gregorz T. (6602362169); Steeden, Jennifer A. (36605240600); Quail, Michael A. (35380885000); Tullus, Kjell (16409790600); Hothi, Daljit (13604772600); Muthurangu, Vivek (7801671480)","56976091500; 56609890400; 57087011000; 37034141400; 6602362169; 36605240600; 35380885000; 16409790600; 13604772600; 7801671480","A comprehensive characterization of myocardial and vascular phenotype in pediatric chronic kidney disease using cardiovascular magnetic resonance imaging","2018","Journal of Cardiovascular Magnetic Resonance","20","1","24","","","","5","10.1186/s12968-018-0444-0","https://www.scopus.com/inward/record.uri?eid=2-s2.0-85044754324&doi=10.1186%2fs12968-018-0444-0&partnerID=40&md5=74a2606dad9883f592377eab3776c55a","Article","Final","All Open Access; Gold Open Access; Green Open Access","Scopus","2-s2.0-85044754324"
"Biglino G.; Cosentino D.; Steeden J.A.; De Nova L.; Castelli M.; Ntsinjana H.; Pennati G.; Taylor A.M.; Schievano S.","Biglino, Giovanni (23099141600); Cosentino, Daria (41861298500); Steeden, Jennifer A. (36605240600); De Nova, Lorenzo (56050122500); Castelli, Matteo (56050492700); Ntsinjana, Hopewell (53866882200); Pennati, Giancarlo (7004162794); Taylor, Andrew M. (57195810900); Schievano, Silvia (13410386200)","23099141600; 41861298500; 36605240600; 56050122500; 56050492700; 53866882200; 7004162794; 57195810900; 13410386200","Using 4D Cardiovascular Magnetic Resonance Imaging to Validate Computational Fluid Dynamics: A Case Study","2015","Frontiers in Pediatrics","3","","107","","","","45","10.3389/fped.2015.00107","https://www.scopus.com/inward/record.uri?eid=2-s2.0-85009909306&doi=10.3389%2ffped.2015.00107&partnerID=40&md5=ddaaf07aa7d901d63f15cc6c2972afe5","Article","Final","All Open Access; Gold Open Access; Green Open Access","Scopus","2-s2.0-85009909306"
"Kowalik G.T.; Steeden J.A.; Muthurangu V.","Kowalik, Grzegorz Tomasz (6602362169); Steeden, Jennifer Anne (36605240600); Muthurangu, Vivek (7801671480)","6602362169; 36605240600; 7801671480","Implementation of a generalized heterogeneous image reconstruction system for clinical magnetic resonance","2015","Concurrency and Computation: Practice and Experience","27","6","","1603","1611","8","3","10.1002/cpe.3349","https://www.scopus.com/inward/record.uri?eid=2-s2.0-84925595059&doi=10.1002%2fcpe.3349&partnerID=40&md5=cf5359e7904025a9d28c40fcffedc88e","Article","Final","","Scopus","2-s2.0-84925595059"
"Kowalik G.T.; Steeden J.A.; Pandya B.; Odille F.; Atkinson D.; Taylor A.; Muthurangu V.","Kowalik, Grzegorz Tomasz (6602362169); Steeden, Jennifer Anne (36605240600); Pandya, Bejal (12545915200); Odille, Freddy (24463413800); Atkinson, David (57216116485); Taylor, Andrew (57195810900); Muthurangu, Vivek (7801671480)","6602362169; 36605240600; 12545915200; 24463413800; 57216116485; 57195810900; 7801671480","Real-time flow with fast GPU reconstruction for continuous assessment of cardiac output","2012","Journal of Magnetic Resonance Imaging","36","6","","1477","1482","5","21","10.1002/jmri.23736","https://www.scopus.com/inward/record.uri?eid=2-s2.0-84869470696&doi=10.1002%2fjmri.23736&partnerID=40&md5=8d3d79b403491786b8c5f8da28bcd536","Article","Final","All Open Access; Bronze Open Access","Scopus","2-s2.0-84869470696"
"Steeden J.A.; Atkinson D.; Hansen M.S.; Taylor A.M.; Muthurangu V.","Steeden, Jennifer A. (36605240600); Atkinson, David (57216116485); Hansen, Michael S. (35562748700); Taylor, Andrew M. (57195810900); Muthurangu, Vivek (7801671480)","36605240600; 57216116485; 35562748700; 57195810900; 7801671480","Rapid flow assessment of congenital heart disease with high-spatiotemporal- resolution gated spiral phase-contrast MR imaging","2011","Radiology","260","1","","79","87","8","44","10.1148/radiol.11101844","https://www.scopus.com/inward/record.uri?eid=2-s2.0-79959537780&doi=10.1148%2fradiol.11101844&partnerID=40&md5=5f734cd0271489cc2a762d55f4b41fd5","Article","Final","All Open Access; Green Open Access","Scopus","2-s2.0-79959537780"
"Brown J.T.; Saigal A.; Karia N.; Patel R.K.; Razvi Y.; Constantinou N.; Steeden J.A.; Mandal S.; Kotecha T.; Fontana M.; Goldring J.; Muthurangu V.; Knight D.S.","Brown, James T. (57212760167); Saigal, Anita (39062053700); Karia, Nina (37122124800); Patel, Rishi K. (57210156635); Razvi, Yousuf (57219044558); Constantinou, Natalie (57675881400); Steeden, Jennifer A. (36605240600); Mandal, Swapna (53463635000); Kotecha, Tushar (38661453500); Fontana, Marianna (16306839900); Goldring, James (25027606200); Muthurangu, Vivek (7801671480); Knight, Daniel S. (55589453200)","57212760167; 39062053700; 37122124800; 57210156635; 57219044558; 57675881400; 36605240600; 53463635000; 38661453500; 16306839900; 25027606200; 7801671480; 55589453200","Ongoing Exercise Intolerance Following COVID-19: A Magnetic Resonance– Augmented Cardiopulmonary Exercise Test Study","2022","Journal of the American Heart Association","11","9","e024207","","","","20","10.1161/JAHA.121.024207","https://www.scopus.com/inward/record.uri?eid=2-s2.0-85129780771&doi=10.1161%2fJAHA.121.024207&partnerID=40&md5=e07b07ae6287d84e992a5a9f571962a7","Article","Final","All Open Access; Gold Open Access; Green Open Access","Scopus","2-s2.0-85129780771"
"Hauptmann A.; Arridge S.; Lucka F.; Muthurangu V.; Steeden J.A.","Hauptmann, Andreas (56180904900); Arridge, Simon (7005759823); Lucka, Felix (52364146500); Muthurangu, Vivek (7801671480); Steeden, Jennifer A. (36605240600)","56180904900; 7005759823; 52364146500; 7801671480; 36605240600","Real-time cardiovascular MR with spatio-temporal artifact suppression using deep learning–proof of concept in congenital heart disease","2019","Magnetic Resonance in Medicine","81","2","","1143","1156","13","177","10.1002/mrm.27480","https://www.scopus.com/inward/record.uri?eid=2-s2.0-85052949851&doi=10.1002%2fmrm.27480&partnerID=40&md5=7688b1e02459b6fff1d7e521a05f6345","Article","Final","All Open Access; Green Open Access; Hybrid Gold Open Access","Scopus","2-s2.0-85052949851"
"Montalt-Tordera J.; Quail M.; Steeden J.A.; Muthurangu V.","Montalt-Tordera, Javier (57204789341); Quail, Michael (35380885000); Steeden, Jennifer A (36605240600); Muthurangu, Vivek (7801671480)","57204789341; 35380885000; 36605240600; 7801671480","Reducing Contrast Agent Dose in Cardiovascular MR Angiography with Deep Learning","2021","Journal of Magnetic Resonance Imaging","54","3","","795","805","10","24","10.1002/jmri.27573","https://www.scopus.com/inward/record.uri?eid=2-s2.0-85101257386&doi=10.1002%2fjmri.27573&partnerID=40&md5=8c2f674e178970017df80e25137e8a13","Article","Final","All Open Access; Green Open Access; Hybrid Gold Open Access","Scopus","2-s2.0-85101257386"
"Quail M.A.; Short R.; Pandya B.; Steeden J.A.; Khushnood A.; Taylor A.M.; Segers P.; Muthurangu V.","Quail, Michael A. (35380885000); Short, Rebekah (57193111836); Pandya, Bejal (12545915200); Steeden, Jennifer A. (36605240600); Khushnood, Abbas (57087011000); Taylor, Andrew M. (57195810900); Segers, Patrick (7005378428); Muthurangu, Vivek (7801671480)","35380885000; 57193111836; 12545915200; 36605240600; 57087011000; 57195810900; 7005378428; 7801671480","Abnormal wave reflections and left ventricular hypertrophy late after coarctation of the aorta repair","2017","Hypertension","69","3","","501","509","8","77","10.1161/HYPERTENSIONAHA.116.08763","https://www.scopus.com/inward/record.uri?eid=2-s2.0-85010858458&doi=10.1161%2fHYPERTENSIONAHA.116.08763&partnerID=40&md5=47dfc31799ccedd0067d083cfec207ce","Article","Final","All Open Access; Green Open Access; Hybrid Gold Open Access","Scopus","2-s2.0-85010858458"
"Steeden J.A.; Jones A.; Pandya B.; Atkinson D.; Taylor A.M.; Muthurangu V.","Steeden, Jennifer A. (36605240600); Jones, Alexander (12795736600); Pandya, Bejal (12545915200); Atkinson, David (57216116485); Taylor, Andrew M. (57195810900); Muthurangu, Vivek (7801671480)","36605240600; 12795736600; 12545915200; 57216116485; 57195810900; 7801671480","High-resolution slice-selective Fourier velocity encoding in congenital heart disease using spiral SENSE with velocity unwrap","2012","Magnetic Resonance in Medicine","67","6","","1538","1546","8","5","10.1002/mrm.24293","https://www.scopus.com/inward/record.uri?eid=2-s2.0-84861232822&doi=10.1002%2fmrm.24293&partnerID=40&md5=af1b0d203b8322688e6c1509d3e5bad9","Article","Final","All Open Access; Bronze Open Access","Scopus","2-s2.0-84861232822"
"Yao T.; St. Clair N.; Miller G.F.; Dorfman A.L.; Fogel M.A.; Ghelani S.; Krishnamurthy R.; Lam C.Z.; Quail M.; Robinson J.D.; Schidlow D.; Slesnick T.C.; Weigand J.; Steeden J.A.; Rathod R.H.; Muthurangu V.","Yao, Tina (58161103900); St. Clair, Nicole (58992201100); Miller, Gabriel F. (59082463400); Dorfman, Adam L. (7102085362); Fogel, Mark A. (7102455134); Ghelani, Sunil (26430617100); Krishnamurthy, Rajesh (57190971591); Lam, Christopher Z. (57194587927); Quail, Michael (35380885000); Robinson, Joshua D. (26659239500); Schidlow, David (37051428900); Slesnick, Timothy C. (10439636300); Weigand, Justin (56385336400); Steeden, Jennifer A. (36605240600); Rathod, Rahul H. (36143305800); Muthurangu, Vivek (7801671480)","58161103900; 58992201100; 59082463400; 7102085362; 7102455134; 26430617100; 57190971591; 57194587927; 35380885000; 26659239500; 37051428900; 10439636300; 56385336400; 36605240600; 36143305800; 7801671480","A Deep Learning Pipeline for Assessing Ventricular Volumes from a Cardiac MRI Registry of Patients with Single Ventricle Physiology","2024","Radiology: Artificial Intelligence","6","1","e230132","","","","7","10.1148/ryai.230132","https://www.scopus.com/inward/record.uri?eid=2-s2.0-85184910196&doi=10.1148%2fryai.230132&partnerID=40&md5=9d24e3fd5317fb590085d83da732962b","Article","Final","","Scopus","2-s2.0-85184910196"
"Jones A.; McMillan M.R.; Jones R.W.; Kowalik G.T.; Steeden J.A.; Pruessner J.C.; Taylor A.M.; Deanfield J.E.; Muthurangu V.","Jones, Alexander (12795736600); McMillan, Merlin R. (55557049300); Jones, Russell W. (7501543550); Kowalik, Grzegorz T. (6602362169); Steeden, Jennifer A. (36605240600); Pruessner, Jens C. (6603802136); Taylor, Andrew M. (57195810900); Deanfield, John E. (7004333788); Muthurangu, Vivek (7801671480)","12795736600; 55557049300; 7501543550; 6602362169; 36605240600; 6603802136; 57195810900; 7004333788; 7801671480","Habitual alcohol consumption is associated with lower cardiovascular stress responses-a novel explanation for the known cardiovascular benefits of alcohol?","2013","Stress","16","4","","369","376","7","19","10.3109/10253890.2013.777833","https://www.scopus.com/inward/record.uri?eid=2-s2.0-84879069759&doi=10.3109%2f10253890.2013.777833&partnerID=40&md5=6173181e8cf5828ef5dffbdff9e094d1","Article","Final","All Open Access; Bronze Open Access","Scopus","2-s2.0-84879069759"
"Quail M.A.; Steeden J.A.; Knight D.; Segers P.; Taylor A.M.; Muthurangu V.","Quail, Michael A. (35380885000); Steeden, Jennifer A. (36605240600); Knight, Daniel (55589453200); Segers, Patrick (7005378428); Taylor, Andrew M. (57195810900); Muthurangu, Vivek (7801671480)","35380885000; 36605240600; 55589453200; 7005378428; 57195810900; 7801671480","Development and validation of a novel method to derive central aortic systolic pressure from the MR aortic distension curve","2014","Journal of Magnetic Resonance Imaging","40","5","","1064","1070","6","26","10.1002/jmri.24471","https://www.scopus.com/inward/record.uri?eid=2-s2.0-84913608737&doi=10.1002%2fjmri.24471&partnerID=40&md5=c6191ae5adbbc11eb5204386bea68619","Article","Final","All Open Access; Bronze Open Access","Scopus","2-s2.0-84913608737"
"Knight D.S.; Zumbo G.; Barcella W.; Steeden J.A.; Muthurangu V.; Martinez-Naharro A.; Treibel T.A.; Abdel-Gadir A.; Bulluck H.; Kotecha T.; Francis R.; Rezk T.; Quarta C.C.; Whelan C.J.; Lachmann H.J.; Wechalekar A.D.; Gillmore J.D.; Moon J.C.; Hawkins P.N.; Fontana M.","Knight, Daniel S. (55589453200); Zumbo, Giulia (57193211591); Barcella, William (56768040900); Steeden, Jennifer A. (36605240600); Muthurangu, Vivek (7801671480); Martinez-Naharro, Ana (55343433500); Treibel, Thomas A. (15754511800); Abdel-Gadir, Amna (56528300800); Bulluck, Heerajnarain (53981151600); Kotecha, Tushar (38661453500); Francis, Rohin (57194779300); Rezk, Tamer (55985701600); Quarta, Candida C. (56619484400); Whelan, Carol J. (36647033100); Lachmann, Helen J. (7004915734); Wechalekar, Ashutosh D. (6506002568); Gillmore, Julian D. (7003539031); Moon, James C. (7403231345); Hawkins, Philip N. (35464959200); Fontana, Marianna (16306839900)","55589453200; 57193211591; 56768040900; 36605240600; 7801671480; 55343433500; 15754511800; 56528300800; 53981151600; 38661453500; 57194779300; 55985701600; 56619484400; 36647033100; 7004915734; 6506002568; 7003539031; 7403231345; 35464959200; 16306839900","Cardiac Structural and Functional Consequences of Amyloid Deposition by Cardiac Magnetic Resonance and Echocardiography and Their Prognostic Roles","2019","JACC: Cardiovascular Imaging","12","5","","823","833","10","138","10.1016/j.jcmg.2018.02.016","https://www.scopus.com/inward/record.uri?eid=2-s2.0-85045306445&doi=10.1016%2fj.jcmg.2018.02.016&partnerID=40&md5=3621ca666fddf92bb53f446160b49793","Article","Final","All Open Access; Bronze Open Access; Green Open Access","Scopus","2-s2.0-85045306445"
"Kowalik G.T.; Knight D.S.; Steeden J.A.; Tann O.; Odille F.; Atkinson D.; Taylor A.; Muthurangu V.","Kowalik, Grzegorz T (6602362169); Knight, Daniel S (55589453200); Steeden, Jennifer A (36605240600); Tann, Oliver (24339325500); Odille, Freddy (24463413800); Atkinson, David (57216116485); Taylor, Andrew (57195810900); Muthurangu, Vivek (7801671480)","6602362169; 55589453200; 36605240600; 24339325500; 24463413800; 57216116485; 57195810900; 7801671480","Assessment of cardiac time intervals using high temporal resolution real-time spiral phase contrast with UNFOLD-SENSE","2014","Journal of Cardiovascular Magnetic Resonance","16","","W15","","","","0","10.1186/1532-429X-16-S1-W15","https://www.scopus.com/inward/record.uri?eid=2-s2.0-85181245183&doi=10.1186%2f1532-429X-16-S1-W15&partnerID=40&md5=4b088e00d73820675523637af40bf2e4","Article","Final","All Open Access; Gold Open Access; Green Open Access","Scopus","2-s2.0-85181245183"
"Jaubert O.; Montalt-Tordera J.; Knight D.; Arridge S.; Steeden J.; Muthurangu V.","Jaubert, Olivier (48461323600); Montalt-Tordera, Javier (57204789341); Knight, Daniel (55589453200); Arridge, Simon (7005759823); Steeden, Jennifer (36605240600); Muthurangu, Vivek (7801671480)","48461323600; 57204789341; 55589453200; 7005759823; 36605240600; 7801671480","HyperSLICE: HyperBand optimized spiral for low-latency interactive cardiac examination","2024","Magnetic Resonance in Medicine","91","1","","266","279","13","5","10.1002/mrm.29855","https://www.scopus.com/inward/record.uri?eid=2-s2.0-85173551883&doi=10.1002%2fmrm.29855&partnerID=40&md5=c551b1f0939567127312a767946c45c6","Article","Final","All Open Access; Green Open Access; Hybrid Gold Open Access","Scopus","2-s2.0-85173551883"
"Steeden J.A.; Kowalik G.T.; Tann O.; Hughes M.; Mortensen K.H.; Muthurangu V.","Steeden, Jennifer A. (36605240600); Kowalik, Grzegorz T. (6602362169); Tann, Oliver (24339325500); Hughes, Marina (7402467863); Mortensen, Kristian H. (24344469300); Muthurangu, Vivek (7801671480)","36605240600; 6602362169; 24339325500; 7402467863; 24344469300; 7801671480","Real-time assessment of right and left ventricular volumes and function in children using high spatiotemporal resolution spiral bSSFP with compressed sensing 08 Information and Computing Sciences 0801 Artificial Intelligence and Image Processing","2018","Journal of Cardiovascular Magnetic Resonance","20","1","79","","","","47","10.1186/s12968-018-0500-9","https://www.scopus.com/inward/record.uri?eid=2-s2.0-85058727707&doi=10.1186%2fs12968-018-0500-9&partnerID=40&md5=4369c75eb984713b47f6ecbb37d22ef0","Article","Final","All Open Access; Gold Open Access; Green Open Access","Scopus","2-s2.0-85058727707"
"Jaubert O.; Montalt-Tordera J.; Knight D.; Coghlan G.J.; Arridge S.; Steeden J.A.; Muthurangu V.","Jaubert, Olivier (48461323600); Montalt-Tordera, Javier (57204789341); Knight, Dan (55589453200); Coghlan, Gerry J. (23666861000); Arridge, Simon (7005759823); Steeden, Jennifer A. (36605240600); Muthurangu, Vivek (7801671480)","48461323600; 57204789341; 55589453200; 23666861000; 7005759823; 36605240600; 7801671480","Real-time deep artifact suppression using recurrent U-Nets for low-latency cardiac MRI","2021","Magnetic Resonance in Medicine","86","4","","1904","1916","12","17","10.1002/mrm.28834","https://www.scopus.com/inward/record.uri?eid=2-s2.0-85106321349&doi=10.1002%2fmrm.28834&partnerID=40&md5=207788f1fc016d3c4e72c98e8fbb86a0","Article","Final","All Open Access; Green Open Access; Hybrid Gold Open Access","Scopus","2-s2.0-85106321349"
"Jaubert O.; Montalt-Tordera J.; Brown J.; Knight D.; Arridge S.; Steeden J.; Muthurangu V.","Jaubert, Olivier (48461323600); Montalt-Tordera, Javier (57204789341); Brown, James (57212760167); Knight, Daniel (55589453200); Arridge, Simon (7005759823); Steeden, Jennifer (36605240600); Muthurangu, Vivek (7801671480)","48461323600; 57204789341; 57212760167; 55589453200; 7005759823; 36605240600; 7801671480","FReSCO: Flow Reconstruction and Segmentation for low-latency Cardiac Output monitoring using deep artifact suppression and segmentation","2022","Magnetic Resonance in Medicine","88","5","","2179","2189","10","4","10.1002/mrm.29374","https://www.scopus.com/inward/record.uri?eid=2-s2.0-85133371292&doi=10.1002%2fmrm.29374&partnerID=40&md5=d720817d1d94caa62a13453578bb3f80","Article","Final","All Open Access; Green Open Access","Scopus","2-s2.0-85133371292"
"Brown J.T.; Kotecha T.; Steeden J.A.; Fontana M.; Denton C.P.; Coghlan J.G.; Knight D.S.; Muthurangu V.","Brown, James T. (57212760167); Kotecha, Tushar (38661453500); Steeden, Jennifer A. (36605240600); Fontana, Marianna (16306839900); Denton, Christopher P. (7006031021); Coghlan, J. Gerry (35393553500); Knight, Daniel S. (55589453200); Muthurangu, Vivek (7801671480)","57212760167; 38661453500; 36605240600; 16306839900; 7006031021; 35393553500; 55589453200; 7801671480","Reduced exercise capacity in patients with systemic sclerosis is associated with lower peak tissue oxygen extraction: a cardiovascular magnetic resonance-augmented cardiopulmonary exercise study","2021","Journal of Cardiovascular Magnetic Resonance","23","1","118","","","","13","10.1186/s12968-021-00817-1","https://www.scopus.com/inward/record.uri?eid=2-s2.0-85117961458&doi=10.1186%2fs12968-021-00817-1&partnerID=40&md5=52ae76cb6c27a01924a46ddaa5ab786f","Article","Final","All Open Access; Gold Open Access; Green Open Access","Scopus","2-s2.0-85117961458"
"Pandya B.; Quail M.A.; Steeden J.; Taylor A.; Schulze-Neick I.; Derrick G.; Moledina S.; Muthurangu V.","Pandya, Bejal (12545915200); Quail, Michael A (35380885000); Steeden, Jennifer (36605240600); Taylor, Andrew (57195810900); Schulze-Neick, Ingram (55971250300); Derrick, Graham (35511751900); Moledina, Shahin (23985897400); Muthurangu, Vivek (7801671480)","12545915200; 35380885000; 36605240600; 57195810900; 55971250300; 35511751900; 23985897400; 7801671480","Real time magnetic resonance assessment of septal curvature accurately tracks acute hemodynamic changes in pediatric pulmonary hypertension","2014","Journal of Cardiovascular Magnetic Resonance","16","","O74","","","","0","10.1186/1532-429X-16-S1-O74","https://www.scopus.com/inward/record.uri?eid=2-s2.0-85181234094&doi=10.1186%2f1532-429X-16-S1-O74&partnerID=40&md5=edef17e209d130cd5f44eb9265ce86ac","Article","Final","All Open Access; Gold Open Access; Green Open Access","Scopus","2-s2.0-85181234094"
"Kowalik G.T.; Steeden J.A.; Atkinson D.; Taylor A.; Muthurangu V.","Kowalik, Grzegorz Tomasz (6602362169); Steeden, Jennifer Anne (36605240600); Atkinson, David (57216116485); Taylor, Andrew (57195810900); Muthurangu, Vivek (7801671480)","6602362169; 36605240600; 57216116485; 57195810900; 7801671480","Implementation of a heterogeneous image reconstruction system for clinical magnetic resonance","2014","Lecture Notes in Computer Science (including subseries Lecture Notes in Artificial Intelligence and Lecture Notes in Bioinformatics)","8384 LNCS","PART 1","","469","479","10","1","10.1007/978-3-642-55224-3_44","https://www.scopus.com/inward/record.uri?eid=2-s2.0-84901288453&doi=10.1007%2f978-3-642-55224-3_44&partnerID=40&md5=4a5a9081e39287b86f6b4c6cc83d92ae","Conference paper","Final","","Scopus","2-s2.0-84901288453"
"Jiang Y.; Punjabi K.; Pierce I.; Knight D.; Yao T.; Steeden J.; Hughes A.D.; Muthurangu V.; Davies R.","Jiang, Yue (58681466100); Punjabi, Karan (57392659400); Pierce, Iain (57224133548); Knight, Daniel (55589453200); Yao, Tina (58161103900); Steeden, Jennifer (36605240600); Hughes, Alun D. (57207789660); Muthurangu, Vivek (7801671480); Davies, Rhodri (57198821565)","58681466100; 57392659400; 57224133548; 55589453200; 58161103900; 36605240600; 57207789660; 7801671480; 57198821565","A machine learning algorithm for creating isotropic 3D aortic segmentations from routine cardiac MR localizers","2025","Magnetic Resonance Imaging","115","","110253","","","","1","10.1016/j.mri.2024.110253","https://www.scopus.com/inward/record.uri?eid=2-s2.0-85206809915&doi=10.1016%2fj.mri.2024.110253&partnerID=40&md5=7298b2d8ddaad6ef488f06ec0cf7bfd6","Article","Final","All Open Access; Hybrid Gold Open Access","Scopus","2-s2.0-85206809915"
"Montalt-Tordera J.; Kowalik G.; Gotschy A.; Steeden J.; Muthurangu V.","Montalt-Tordera, Javier (57204789341); Kowalik, Grzegorz (6602362169); Gotschy, Alexander (55998577200); Steeden, Jennifer (36605240600); Muthurangu, Vivek (7801671480)","57204789341; 6602362169; 55998577200; 36605240600; 7801671480","Rapid 3D whole-heart cine imaging using golden ratio stack of spirals","2020","Magnetic Resonance Imaging","72","","","1","7","6","3","10.1016/j.mri.2020.06.008","https://www.scopus.com/inward/record.uri?eid=2-s2.0-85086852986&doi=10.1016%2fj.mri.2020.06.008&partnerID=40&md5=04a683fe8059c7a9420b3b5c7bf60550","Article","Final","All Open Access; Green Open Access","Scopus","2-s2.0-85086852986"
"Mortensen K.H.; Jones A.; Steeden J.A.; Taylor A.M.; Muthurangu V.","Mortensen, Kristian H. (24344469300); Jones, Alexander (12795736600); Steeden, Jennifer A. (36605240600); Taylor, Andrew M. (57195810900); Muthurangu, Vivek (7801671480)","24344469300; 12795736600; 36605240600; 57195810900; 7801671480","Isometric stress in cardiovascular magnetic resonance—a simple and easily replicable method of assessing cardiovascular differences not apparent at rest","2016","European Radiology","26","4","","1009","1017","8","11","10.1007/s00330-015-3920-z","https://www.scopus.com/inward/record.uri?eid=2-s2.0-84937832248&doi=10.1007%2fs00330-015-3920-z&partnerID=40&md5=d67c7815e6c2c56a6305d111faa8538c","Article","Final","","Scopus","2-s2.0-84937832248"
"Jaubert O.; Steeden J.; Montalt-Tordera J.; Arridge S.; Kowalik G.T.; Muthurangu V.","Jaubert, Olivier (48461323600); Steeden, Jennifer (36605240600); Montalt-Tordera, Javier (57204789341); Arridge, Simon (7005759823); Kowalik, Grzegorz Tomasz (6602362169); Muthurangu, Vivek (7801671480)","48461323600; 36605240600; 57204789341; 7005759823; 6602362169; 7801671480","Deep artifact suppression for spiral real-time phase contrast cardiac magnetic resonance imaging in congenital heart disease","2021","Magnetic Resonance Imaging","83","","","125","132","7","10","10.1016/j.mri.2021.08.005","https://www.scopus.com/inward/record.uri?eid=2-s2.0-85113316095&doi=10.1016%2fj.mri.2021.08.005&partnerID=40&md5=754a98e6721968a5d74b1502cc4ebc7b","Article","Final","All Open Access; Green Open Access","Scopus","2-s2.0-85113316095"
"Brown J.T.; Virsinskaite R.; Kotecha T.; Steeden J.A.; Fontana M.; Karia N.; Schreiber B.E.; Ong V.H.; Denton C.P.; Coghlan J.G.; Muthurangu V.; Knight D.S.","Brown, James T. (57212760167); Virsinskaite, Ruta (58539561200); Kotecha, Tushar (38661453500); Steeden, Jennifer A. (36605240600); Fontana, Marianna (16306839900); Karia, Nina (37122124800); Schreiber, Benjamin E. (36106322600); Ong, Voon H (8398311200); Denton, Christopher P. (7006031021); Coghlan, J. Gerry (35393553500); Muthurangu, Vivek (7801671480); Knight, Daniel S. (55589453200)","57212760167; 58539561200; 38661453500; 36605240600; 16306839900; 37122124800; 36106322600; 8398311200; 7006031021; 35393553500; 7801671480; 55589453200","Prognostic utility of exercise cardiovascular magnetic resonance in patients with systemic sclerosis-associated pulmonary arterial hypertension","2024","European Heart Journal Cardiovascular Imaging","25","12","","1712","1720","8","2","10.1093/ehjci/jeae177","https://www.scopus.com/inward/record.uri?eid=2-s2.0-85210902913&doi=10.1093%2fehjci%2fjeae177&partnerID=40&md5=be3f3a446de072c720d995e07a0ed9c8","Article","Final","All Open Access; Green Open Access; Hybrid Gold Open Access","Scopus","2-s2.0-85210902913"
"Quail M.A.; Segers P.; Steeden J.A.; Muthurangu V.","Quail, Michael A. (35380885000); Segers, Patrick (7005378428); Steeden, Jennifer A. (36605240600); Muthurangu, Vivek (7801671480)","35380885000; 7005378428; 36605240600; 7801671480","Correction to: The aorta after coarctation repair – effects of calibre and curvature on arterial haemodynamics (Journal of Cardiovascular Magnetic Resonance (2019) 21(1), (S1097664723001953), (10.1186/s12968-019-0534-7))","2019","Journal of Cardiovascular Magnetic Resonance","21","1","31","","","","3","10.1186/s12968-019-0540-9","https://www.scopus.com/inward/record.uri?eid=2-s2.0-85066403605&doi=10.1186%2fs12968-019-0540-9&partnerID=40&md5=5b8fde0611f7a6ca2db39ab501fe2632","Erratum","Final","All Open Access; Gold Open Access; Green Open Access","Scopus","2-s2.0-85066403605"
"Rot S.; Oliver-Taylor A.; Baker R.; Steeden J.; Golay X.; Solanky B.; Gandini Wheeler-Kingshott C.","Rot, Samuel (58634755600); Oliver-Taylor, Aaron (56321283200); Baker, Rebecca R. (57215662326); Steeden, Jennifer A. (36605240600); Golay, Xavier (7004309393); Solanky, Bhavana S. (57193024760); Gandini Wheeler-Kingshott, Claudia A. M. (6602501665)","58634755600; 56321283200; 57215662326; 36605240600; 7004309393; 57193024760; 6602501665","Polyacrylamide Gel Calibration Phantoms for Quantification in Sodium MRI","2025","NMR in Biomedicine","38","6","e70056","","","","0","10.1002/nbm.70056","https://www.scopus.com/inward/record.uri?eid=2-s2.0-105004409983&doi=10.1002%2fnbm.70056&partnerID=40&md5=93a53d803bb7a1b3e1b0aff1617180e1","Article","Final","","Scopus","2-s2.0-105004409983"
"Quail M.A.; Segers P.; Steeden J.A.; Muthurangu V.","Quail, Michael A. (35380885000); Segers, Patrick (7005378428); Steeden, Jennifer A. (36605240600); Muthurangu, Vivek (7801671480)","35380885000; 7005378428; 36605240600; 7801671480","The aorta after coarctation repair - Effects of calibre and curvature on arterial haemodynamics","2019","Journal of Cardiovascular Magnetic Resonance","21","1","22","","","","27","10.1186/s12968-019-0534-7","https://www.scopus.com/inward/record.uri?eid=2-s2.0-85064207967&doi=10.1186%2fs12968-019-0534-7&partnerID=40&md5=3f59cf3b93f3fc3f46dff408c01d0ac8","Article","Final","All Open Access; Gold Open Access; Green Open Access","Scopus","2-s2.0-85064207967"
"Biglino G.; Steeden J.A.; Baker C.; Schievano S.; Taylor A.M.; Parker K.H.; Muthurangu V.","Biglino, Giovanni (23099141600); Steeden, Jennifer A. (36605240600); Baker, Catriona (57198875486); Schievano, Silvia (13410386200); Taylor, Andrew M. (57195810900); Parker, Kim H. (7401598095); Muthurangu, Vivek (7801671480)","23099141600; 36605240600; 57198875486; 13410386200; 57195810900; 7401598095; 7801671480","A novel, fast and semi-automatic method to implement wave intensity analysis for magnetic resonance imaging","2012","ASME 2012 Summer Bioengineering Conference, SBC 2012","","","","963","964","1","0","10.1115/SBC2012-80246","https://www.scopus.com/inward/record.uri?eid=2-s2.0-84882667073&doi=10.1115%2fSBC2012-80246&partnerID=40&md5=8de1e8becfbd321486d086aaa2cbd1af","Conference paper","Final","","Scopus","2-s2.0-84882667073"
"Kowalik G.T.; Knight D.; Steeden J.A.; Muthurangu V.","Kowalik, Grzegorz Tomasz (6602362169); Knight, Daniel (55589453200); Steeden, Jennifer Anne (36605240600); Muthurangu, Vivek (7801671480)","6602362169; 55589453200; 36605240600; 7801671480","Perturbed spiral real-time phase-contrast MR with compressive sensing reconstruction for assessment of flow in children","2020","Magnetic Resonance in Medicine","83","6","","2077","2091","14","19","10.1002/mrm.28065","https://www.scopus.com/inward/record.uri?eid=2-s2.0-85074830347&doi=10.1002%2fmrm.28065&partnerID=40&md5=f788913c52825b74f837ee2922c3be44","Article","Final","All Open Access; Green Open Access; Hybrid Gold Open Access","Scopus","2-s2.0-85074830347"
"Hauser J.A.; Muthurangu V.; Taylor A.; Steeden J.A.; Jones A.","Hauser, Jakob A. (37034141400); Muthurangu, Vivek (7801671480); Taylor, Andrew (57195810900); Steeden, Jennifer A. (36605240600); Jones, Alexander (12795736600)","37034141400; 7801671480; 57195810900; 36605240600; 12795736600","Redistribution of organ specific blood flow in response to food ingestion measured by R-R-interval averaged golden-angle spiral phase contrast MRI","2016","Journal of Cardiovascular Magnetic Resonance","18","","O92","1","2","1","0","10.1186/1532-429X-18-S1-O92","https://www.scopus.com/inward/record.uri?eid=2-s2.0-85094809352&doi=10.1186%2f1532-429X-18-S1-O92&partnerID=40&md5=58d38ed2dc402d96b9c2c750aeadb2b3","Note","Final","All Open Access; Gold Open Access; Green Open Access","Scopus","2-s2.0-85094809352"
"Pandya B.; Quail M.A.; Steeden J.A.; McKee A.; Odille F.; Taylor A.M.; Schulze-Neick I.; Derrick G.; Moledina S.; Muthurangu V.","Pandya, Bejal (12545915200); Quail, Michael A. (35380885000); Steeden, Jennifer A. (36605240600); McKee, Andrea (56318478800); Odille, Freddy (24463413800); Taylor, Andrew M. (57195810900); Schulze-Neick, Ingram (55971250300); Derrick, Graham (35511751900); Moledina, Shahin (23985897400); Muthurangu, Vivek (7801671480)","12545915200; 35380885000; 36605240600; 56318478800; 24463413800; 57195810900; 55971250300; 35511751900; 23985897400; 7801671480","Real-time magnetic resonance assessment of septal curvature accurately tracks acute hemodynamic changes in pediatric pulmonary hypertension","2014","Circulation: Cardiovascular Imaging","7","4","","706","713","7","41","10.1161/CIRCIMAGING.113.001156","https://www.scopus.com/inward/record.uri?eid=2-s2.0-84905864706&doi=10.1161%2fCIRCIMAGING.113.001156&partnerID=40&md5=01c687d32ad1593cc462c9137a0ccdf9","Article","Final","All Open Access; Green Open Access","Scopus","2-s2.0-84905864706"
"Kowalik G.T.; Steeden J.A.; Atkinson D.; Montalt-Tordera J.; Mortensen K.H.; Muthurangu V.","Kowalik, Grzegorz Tomasz (6602362169); Steeden, Jennifer Anne (36605240600); Atkinson, David (57216116485); Montalt-Tordera, Javier (57204789341); Mortensen, Kristian Havmand (24344469300); Muthurangu, Vivek (7801671480)","6602362169; 36605240600; 57216116485; 57204789341; 24344469300; 7801671480","Golden ratio stack of spirals for flexible angiographic imaging: Proof of concept in congenital heart disease","2019","Magnetic Resonance in Medicine","81","1","","90","101","11","3","10.1002/mrm.27353","https://www.scopus.com/inward/record.uri?eid=2-s2.0-85057171401&doi=10.1002%2fmrm.27353&partnerID=40&md5=7fd3b1e1ffa6814537ab8cd458905d6f","Article","Final","All Open Access; Bronze Open Access; Green Open Access","Scopus","2-s2.0-85057171401"
"Hauser J.A.; Muthurangu V.; Steeden J.A.; Taylor A.M.; Jones A.","Hauser, Jakob A. (37034141400); Muthurangu, Vivek (7801671480); Steeden, Jennifer A. (36605240600); Taylor, Andrew M. (57195810900); Jones, Alexander (12795736600)","37034141400; 7801671480; 36605240600; 57195810900; 12795736600","Comprehensive assessment of the global and regional vascular responses to food ingestion in humans using novel rapid MRI","2016","American Journal of Physiology - Regulatory Integrative and Comparative Physiology","310","6","","R541","R545","4","16","10.1152/ajpregu.00454.2015","https://www.scopus.com/inward/record.uri?eid=2-s2.0-84984839778&doi=10.1152%2fajpregu.00454.2015&partnerID=40&md5=f34ce89ed605f6d6e3677b40b9e7b0fa","Article","Final","All Open Access; Bronze Open Access","Scopus","2-s2.0-84984839778"
"Steeden J.A.; Knight D.S.; Bali S.; Atkinson D.; Taylor A.M.; Muthurangu V.","Steeden, Jennifer A. (36605240600); Knight, Daniel S. (55589453200); Bali, Shreya (40260979900); Atkinson, David (57216116485); Taylor, Andrew M. (57195810900); Muthurangu, Vivek (7801671480)","36605240600; 55589453200; 40260979900; 57216116485; 57195810900; 7801671480","Self-navigated tissue phase mapping using a golden-angle spiral acquisition - Proof of concept in patients with pulmonary hypertension","2014","Magnetic Resonance in Medicine","71","1","","145","155","10","22","10.1002/mrm.24646","https://www.scopus.com/inward/record.uri?eid=2-s2.0-84890795176&doi=10.1002%2fmrm.24646&partnerID=40&md5=4ea15caaa050fab7b6891bde96ba176a","Article","Final","All Open Access; Bronze Open Access; Green Open Access","Scopus","2-s2.0-84890795176"
"Jones A.; McMillan M.R.; Jones R.W.; Kowalik G.T.; Steeden J.A.; Deanfield J.E.; Pruessner J.C.; Taylor A.M.; Muthurangu V.","Jones, Alexander (12795736600); McMillan, Merlin R. (55557049300); Jones, Russell W. (7501543550); Kowalik, Grzegorz T. (6602362169); Steeden, Jennifer A. (36605240600); Deanfield, John E. (7004333788); Pruessner, Jens C. (6603802136); Taylor, Andrew M. (57195810900); Muthurangu, Vivek (7801671480)","12795736600; 55557049300; 7501543550; 6602362169; 36605240600; 7004333788; 6603802136; 57195810900; 7801671480","Adiposity is associated with blunted cardiovascular, neuroendocrine and cognitive responses to acute mental stress","2012","PLoS ONE","7","6","e39143","","","","58","10.1371/journal.pone.0039143","https://www.scopus.com/inward/record.uri?eid=2-s2.0-84862651044&doi=10.1371%2fjournal.pone.0039143&partnerID=40&md5=3ca75c7ce5de6ed15b343a6423434304","Article","Final","All Open Access; Gold Open Access; Green Open Access","Scopus","2-s2.0-84862651044"
"Barber N.J.; Ako E.O.; Kowalik G.T.; Cheang M.H.; Pandya B.; Steeden J.A.; Moledina S.; Muthurangu V.","Barber, Nathaniel J. (56609890400); Ako, Emmanuel O. (56619518000); Kowalik, Gregorz T. (6602362169); Cheang, Mun H. (56976091500); Pandya, Bejal (12545915200); Steeden, Jennifer A. (36605240600); Moledina, Shahin (23985897400); Muthurangu, Vivek (7801671480)","56609890400; 56619518000; 6602362169; 56976091500; 12545915200; 36605240600; 23985897400; 7801671480","Magnetic Resonance-Augmented Cardiopulmonary Exercise Testing: Comprehensively Assessing Exercise Intolerance in Children With Cardiovascular Disease","2016","Circulation. Cardiovascular imaging","9","12","","","","","11","","https://www.scopus.com/inward/record.uri?eid=2-s2.0-85020374519&partnerID=40&md5=f39ee6991d328b9945450ec84c58dd4a","Article","Final","","Scopus","2-s2.0-85020374519"
"Steeden J.A.; Quail M.; Gotschy A.; Mortensen K.H.; Hauptmann A.; Arridge S.; Jones R.; Muthurangu V.","Steeden, Jennifer A. (36605240600); Quail, Michael (35380885000); Gotschy, Alexander (55998577200); Mortensen, Kristian H. (24344469300); Hauptmann, Andreas (56180904900); Arridge, Simon (7005759823); Jones, Rodney (55722599100); Muthurangu, Vivek (7801671480)","36605240600; 35380885000; 55998577200; 24344469300; 56180904900; 7005759823; 55722599100; 7801671480","Rapid whole-heart CMR with single volume super-resolution","2020","Journal of Cardiovascular Magnetic Resonance","22","1","56","","","","60","10.1186/s12968-020-00651-x","https://www.scopus.com/inward/record.uri?eid=2-s2.0-85089132017&doi=10.1186%2fs12968-020-00651-x&partnerID=40&md5=ceb723e34c0e8083f778cd474094fb7d","Article","Final","All Open Access; Gold Open Access; Green Open Access","Scopus","2-s2.0-85089132017"
"Steeden J.A.; Kowalik G.T.; Taylor A.; Muthurangu V.","Steeden, Jennifer A (36605240600); Kowalik, Grzegorz T (6602362169); Taylor, Andrew (57195810900); Muthurangu, Vivek (7801671480)","36605240600; 6602362169; 57195810900; 7801671480","Tissue phase mapping using breath-hold 4D PCMR","2014","Journal of Cardiovascular Magnetic Resonance","16","","W30","","","","2","10.1186/1532-429X-16-S1-W30","https://www.scopus.com/inward/record.uri?eid=2-s2.0-85042010771&doi=10.1186%2f1532-429X-16-S1-W30&partnerID=40&md5=9b2811204d00b0a6da6a9c5215fb4eec","Article","Final","All Open Access; Gold Open Access; Green Open Access","Scopus","2-s2.0-85042010771"
"Jaubert O.; Pascale M.; Montalt-Tordera J.; Akesson J.; Virsinskaite R.; Knight D.; Arridge S.; Steeden J.; Muthurangu V.","Jaubert, Olivier (48461323600); Pascale, Michele (57940605000); Montalt-Tordera, Javier (57204789341); Akesson, Julius (57571699200); Virsinskaite, Ruta (58539561200); Knight, Daniel (55589453200); Arridge, Simon (7005759823); Steeden, Jennifer (36605240600); Muthurangu, Vivek (7801671480)","48461323600; 57940605000; 57204789341; 57571699200; 58539561200; 55589453200; 7005759823; 36605240600; 7801671480","Training deep learning based dynamic MR image reconstruction using open-source natural videos","2024","Scientific Reports","14","1","11774","","","","2","10.1038/s41598-024-62294-7","https://www.scopus.com/inward/record.uri?eid=2-s2.0-85194127703&doi=10.1038%2fs41598-024-62294-7&partnerID=40&md5=5ff77cd501168aa2ed1bbf288fabf2f5","Article","Final","All Open Access; Gold Open Access; Green Open Access","Scopus","2-s2.0-85194127703"
"Odille F.; Steeden J.A.; Muthurangu V.; Atkinson D.","Odille, Freddy (24463413800); Steeden, Jennifer A. (36605240600); Muthurangu, Vivek (7801671480); Atkinson, David (57216116485)","24463413800; 36605240600; 7801671480; 57216116485","Automatic segmentation propagation of the aorta in real-time phase contrast MRI using nonrigid registration","2011","Journal of Magnetic Resonance Imaging","33","1","","232","238","6","46","10.1002/jmri.22402","https://www.scopus.com/inward/record.uri?eid=2-s2.0-78650651698&doi=10.1002%2fjmri.22402&partnerID=40&md5=725c5427187cc47c92fe656e72ac59e5","Article","Final","","Scopus","2-s2.0-78650651698"
"Ako E.O.; Barber N.J.; Kowalik G.T.; Steeden J.A.; Porter J.; Walker J.M.; Muthurangu V.","Ako, Emmanuel O. (56619518000); Barber, Nathaniel J. (56609890400); Kowalik, Grzegorz T. (6602362169); Steeden, Jennifer A. (36605240600); Porter, John (7403427269); Walker, John Malcolm (57217636089); Muthurangu, Vivek (7801671480)","56619518000; 56609890400; 6602362169; 36605240600; 7403427269; 57217636089; 7801671480","MR-augmented cardiopulmonary exercise testing-a proof of concept in sickle cell disease (SCD)","2016","Journal of Cardiovascular Magnetic Resonance","18","","O69","1","2","1","1","10.1186/1532-429X-18-S1-O69","https://www.scopus.com/inward/record.uri?eid=2-s2.0-85094827423&doi=10.1186%2f1532-429X-18-S1-O69&partnerID=40&md5=20d70e3ebeb49593d3d0f20a196e369a","Note","Final","All Open Access; Gold Open Access; Green Open Access","Scopus","2-s2.0-85094827423"
"Baker R.R.; Muthurangu V.; Rega M.; Walsh S.B.; Steeden J.A.","Baker, Rebecca R. (57215662326); Muthurangu, Vivek (7801671480); Rega, Marilena (55779726600); Walsh, Stephen B. (24588277800); Steeden, Jennifer A. (36605240600)","57215662326; 7801671480; 55779726600; 24588277800; 36605240600","Rapid 2D 23Na MRI of the calf using a denoising convolutional neural network","2024","Magnetic Resonance Imaging","110","","","184","194","10","2","10.1016/j.mri.2024.04.027","https://www.scopus.com/inward/record.uri?eid=2-s2.0-85191538606&doi=10.1016%2fj.mri.2024.04.027&partnerID=40&md5=24298b8befa3060b5088b0005bc3fce0","Article","Final","All Open Access; Green Open Access; Hybrid Gold Open Access","Scopus","2-s2.0-85191538606"
"Kowalik G.T.; Muthurangu V.; Khushnood A.; Steeden J.A.","Kowalik, Grzegorz T. (6602362169); Muthurangu, Vivek (7801671480); Khushnood, Abbas (57087011000); Steeden, Jennifer A. (36605240600)","6602362169; 7801671480; 57087011000; 36605240600","Rapid breath-hold assessment of myocardial velocities using spiral UNFOLD-ed SENSE tissue phase mapping","2016","Journal of Magnetic Resonance Imaging","44","4","","1003","1009","6","2","10.1002/jmri.25218","https://www.scopus.com/inward/record.uri?eid=2-s2.0-84987985152&doi=10.1002%2fjmri.25218&partnerID=40&md5=40a7cefe61c81059683be4349d0c44a9","Article","Final","All Open Access; Bronze Open Access","Scopus","2-s2.0-84987985152"
"Quail M.A.; Knight D.S.; Steeden J.A.; Taelman L.; Moledina S.; Taylor A.M.; Segers P.; Coghlan J.G.; Muthurangu V.","Quail, Michael A (35380885000); Knight, Daniel S (55589453200); Steeden, Jennifer A. (36605240600); Taelman, Liesbeth (54975358000); Moledina, Shahin (23985897400); Taylor, Andrew M. (57195810900); Segers, Patrick (7005378428); Coghlan, J. Gerry (35393553500); Muthurangu, Vivek (7801671480)","35380885000; 55589453200; 36605240600; 54975358000; 23985897400; 57195810900; 7005378428; 35393553500; 7801671480","Noninvasive pulmonary artery wave intensity analysis in pulmonary hypertension","2015","American Journal of Physiology - Heart and Circulatory Physiology","308","12","","H1603","H1611","8","60","10.1152/ajpheart.00480.2014","https://www.scopus.com/inward/record.uri?eid=2-s2.0-84931049362&doi=10.1152%2fajpheart.00480.2014&partnerID=40&md5=089fb56d8e78b50367e37a063e83c263","Article","Final","All Open Access; Green Open Access; Hybrid Gold Open Access","Scopus","2-s2.0-84931049362"
"Barber N.J.; Ako E.O.; Kowalik G.T.; Steeden J.A.; Pandya B.; Muthurangu V.","Barber, Nathaniel J. (56609890400); Ako, Emmanuel O. (56619518000); Kowalik, Grzegorz T. (6602362169); Steeden, Jennifer A. (36605240600); Pandya, Bejal (12545915200); Muthurangu, Vivek (7801671480)","56609890400; 56619518000; 6602362169; 36605240600; 12545915200; 7801671480","MR augmented cardiopulmonary exercise testing - A novel approach to assessing cardiovascular function","2015","Physiological Measurement","36","5","N85","N85","N94","9","24","10.1088/0967-3334/36/5/N85","https://www.scopus.com/inward/record.uri?eid=2-s2.0-84929452786&doi=10.1088%2f0967-3334%2f36%2f5%2fN85&partnerID=40&md5=58d2f9d8c6fea53cee7cbbc3f5a4d4ab","Article","Final","","Scopus","2-s2.0-84929452786"
"Steeden J.A.; Atkinson D.; Taylor A.M.; Muthurangu V.","Steeden, Jennifer A. (36605240600); Atkinson, David (57216116485); Taylor, Andrew M. (57195810900); Muthurangu, Vivek (7801671480)","36605240600; 57216116485; 57195810900; 7801671480","Assessing vascular response to exercise using a combination of real-time spiral phase contrast MR and noninvasive blood pressure measurements","2010","Journal of Magnetic Resonance Imaging","31","4","","997","1003","6","41","10.1002/jmri.22105","https://www.scopus.com/inward/record.uri?eid=2-s2.0-77950896189&doi=10.1002%2fjmri.22105&partnerID=40&md5=977e1e30bd20f11c5d0c19e904a92813","Article","Final","","Scopus","2-s2.0-77950896189"
"Steeden J.A.; Atkinson D.; Taylor A.M.; Muthurangu V.","Steeden, Jennifer A. (36605240600); Atkinson, David (57216116485); Taylor, Andrew M. (57195810900); Muthurangu, Vivek (7801671480)","36605240600; 57216116485; 57195810900; 7801671480","Split-acquisition real-time CINE phase-contrast MR flow measurements","2010","Magnetic Resonance in Medicine","64","6","","1664","1670","6","8","10.1002/mrm.22615","https://www.scopus.com/inward/record.uri?eid=2-s2.0-78649561928&doi=10.1002%2fmrm.22615&partnerID=40&md5=dfd24676269adc84fba604fb3b0dcff6","Article","Final","","Scopus","2-s2.0-78649561928"
"Barber N.J.; Ako E.O.; Kowalik G.T.; Cheang M.H.; Pandya B.; Steeden J.A.; Moledina S.; Muthurangu V.","Barber, Nathaniel J. (56609890400); Ako, Emmanuel O. (56619518000); Kowalik, Gregorz T. (6602362169); Cheang, Mun H. (56976091500); Pandya, Bejal (12545915200); Steeden, Jennifer A. (36605240600); Moledina, Shahin (23985897400); Muthurangu, Vivek (7801671480)","56609890400; 56619518000; 6602362169; 56976091500; 12545915200; 36605240600; 23985897400; 7801671480","Magnetic resonance-augmented cardiopulmonary exercise testing","2016","Circulation: Cardiovascular Imaging","9","12","e005282","","","","18","10.1161/CIRCIMAGING.116.005282","https://www.scopus.com/inward/record.uri?eid=2-s2.0-85007105485&doi=10.1161%2fCIRCIMAGING.116.005282&partnerID=40&md5=c435ca859b336ce328b487f3a4d73761","Article","Final","All Open Access; Green Open Access","Scopus","2-s2.0-85007105485"
"Baker R.R.; Muthurangu V.; Rega M.; Montalt-Tordera J.; Rot S.; Solanky B.S.; Gandini Wheeler-Kingshott C.A.M.; Walsh S.B.; Steeden J.A.","Baker, Rebecca R. (57215662326); Muthurangu, Vivek (7801671480); Rega, Marilena (55779726600); Montalt-Tordera, Javier (57204789341); Rot, Samuel (58634755600); Solanky, Bhavana S. (57193024760); Gandini Wheeler-Kingshott, Claudia A. M. (6602501665); Walsh, Stephen B. (24588277800); Steeden, Jennifer A. (36605240600)","57215662326; 7801671480; 55779726600; 57204789341; 58634755600; 57193024760; 6602501665; 24588277800; 36605240600","2D sodium MRI of the human calf using half-sinc excitation pulses and compressed sensing","2024","Magnetic Resonance in Medicine","91","1","","325","336","11","2","10.1002/mrm.29841","https://www.scopus.com/inward/record.uri?eid=2-s2.0-85173550730&doi=10.1002%2fmrm.29841&partnerID=40&md5=2ba714dbe30d40d58c98815ec268eaf7","Article","Final","All Open Access; Green Open Access; Hybrid Gold Open Access","Scopus","2-s2.0-85173550730"
"Biglino G.; Ntsinjana H.; Steeden J.A.; Baker C.; Schievano S.; Khambadkone S.; Hsia T.-Y.; Taylor A.M.; Giardini A.","Biglino, Giovanni (23099141600); Ntsinjana, Hopewell (53866882200); Steeden, Jennifer A. (36605240600); Baker, Catriona (57198875486); Schievano, Silvia (13410386200); Khambadkone, Sachin (6603345564); Hsia, Tain-Yen (54883432300); Taylor, Andrew M. (57195810900); Giardini, Alessandro (7006043205)","23099141600; 53866882200; 36605240600; 57198875486; 13410386200; 6603345564; 54883432300; 57195810900; 7006043205","A non-invasive study using mr-derived wave intensity analysis to highlight the effect of surgical arch reconstruction on ventriculo-arterial coupling in patients with hypoplastic left heart syndrome","2012","ASME 2012 Summer Bioengineering Conference, SBC 2012","","","","459","460","1","0","10.1115/SBC2012-80262","https://www.scopus.com/inward/record.uri?eid=2-s2.0-84882649959&doi=10.1115%2fSBC2012-80262&partnerID=40&md5=7d4441c036058636eea4f4f57df1d4bc","Conference paper","Final","","Scopus","2-s2.0-84882649959"
"Steeden J.A.; Atkinson D.; Taylor A.M.; Muthurangu V.","Steeden, Jennifer A. (36605240600); Atkinson, David (57216116485); Taylor, Andrew M. (57195810900); Muthurangu, Vivek (7801671480)","36605240600; 57216116485; 57195810900; 7801671480","Assessing the hemodynamic response to exercise - A novel MR approach","2010","Journal of Cardiovascular Magnetic Resonance","12","SUPPL. 1","O67","","","","0","10.1186/1532-429X-12-S1-O67","https://www.scopus.com/inward/record.uri?eid=2-s2.0-82355163788&doi=10.1186%2f1532-429X-12-S1-O67&partnerID=40&md5=5d748ae1a10a06152b9593debd3c61aa","Note","Final","All Open Access; Gold Open Access","Scopus","2-s2.0-82355163788"
"Treibel T.A.; Fontana M.; Steeden J.A.; Nasis A.; Yeung J.; White S.K.; Sivarajan S.; Punwani S.; Pugliese F.; Taylor S.A.; Moon J.C.; Bandula S.","Treibel, Thomas A. (15754511800); Fontana, Marianna (16306839900); Steeden, Jennifer A. (36605240600); Nasis, Arthur (32367730300); Yeung, Jason (57014575700); White, Steven K. (55083542800); Sivarajan, Sri (57193493216); Punwani, Shonit (17036141700); Pugliese, Francesca (8894702000); Taylor, Stuart A. (57203543924); Moon, James C. (7403231345); Bandula, Steve (35775945600)","15754511800; 16306839900; 36605240600; 32367730300; 57014575700; 55083542800; 57193493216; 17036141700; 8894702000; 57203543924; 7403231345; 35775945600","Automatic quantification of the myocardial extracellular volume by cardiac computed tomography: Synthetic ECV by CCT","2017","Journal of Cardiovascular Computed Tomography","11","3","","221","226","5","42","10.1016/j.jcct.2017.02.006","https://www.scopus.com/inward/record.uri?eid=2-s2.0-85014177594&doi=10.1016%2fj.jcct.2017.02.006&partnerID=40&md5=d91ba9d860faa5c8e80a098619792bb7","Article","Final","All Open Access; Green Open Access","Scopus","2-s2.0-85014177594"
"Nayak K.S.; Lim Y.; Campbell-Washburn A.E.; Steeden J.","Nayak, Krishna S. (7006611436); Lim, Yongwan (57191866566); Campbell-Washburn, Adrienne E. (55070698800); Steeden, Jennifer (36605240600)","7006611436; 57191866566; 55070698800; 36605240600","Real-Time Magnetic Resonance Imaging","2022","Journal of Magnetic Resonance Imaging","55","1","","81","99","18","65","10.1002/jmri.27411","https://www.scopus.com/inward/record.uri?eid=2-s2.0-85097289548&doi=10.1002%2fjmri.27411&partnerID=40&md5=de0c14c133c405af6f75c183f341d01c","Review","Final","All Open Access; Green Open Access","Scopus","2-s2.0-85097289548"
"Jones A.; Steeden J.A.; Pruessner J.C.; Deanfield J.E.; Taylor A.M.; Muthurangu V.","Jones, Alexander (12795736600); Steeden, Jennifer A. (36605240600); Pruessner, Jens C. (6603802136); Deanfield, John E. (7004333788); Taylor, Andrew M. (57195810900); Muthurangu, Vivek (7801671480)","12795736600; 36605240600; 6603802136; 7004333788; 57195810900; 7801671480","Detailed assessment of the hemodynamic response to psychosocial stress using real-time MRI","2011","Journal of Magnetic Resonance Imaging","33","2","","448","454","6","25","10.1002/jmri.22438","https://www.scopus.com/inward/record.uri?eid=2-s2.0-79551532824&doi=10.1002%2fjmri.22438&partnerID=40&md5=1d5f6a95384a1282d2c0568b796d1c38","Article","Final","","Scopus","2-s2.0-79551532824"
"Kowalik G.T.; Knight D.S.; Steeden J.A.; Tann O.; Odille F.; Atkinson D.; Taylor A.; Muthurangu V.","Kowalik, Grzegorz T. (6602362169); Knight, Daniel S. (55589453200); Steeden, Jennifer A. (36605240600); Tann, Oliver (24339325500); Odille, Freddy (24463413800); Atkinson, David (57216116485); Taylor, Andrew (57195810900); Muthurangu, Vivek (7801671480)","6602362169; 55589453200; 36605240600; 24339325500; 24463413800; 57216116485; 57195810900; 7801671480","Assessment of cardiac time intervals using high temporal resolution real-time spiral phase contrast with UNFOLDed-SENSE","2015","Magnetic Resonance in Medicine","73","2","","749","756","7","11","10.1002/mrm.25183","https://www.scopus.com/inward/record.uri?eid=2-s2.0-84921436734&doi=10.1002%2fmrm.25183&partnerID=40&md5=09f24624134448d46301cc3054a5cdea","Article","Final","All Open Access; Green Open Access","Scopus","2-s2.0-84921436734"
"Watt F.T.; Muthurangu V.; Steeden J.; Mackle E.C.; Desjardins A.E.; Zhang E.Z.; Beard P.C.; Alles E.J.","Watt, Fraser T. (57222285770); Muthurangu, Vivek (7801671480); Steeden, Jennifer (36605240600); Mackle, Eleanor C. (57193590358); Desjardins, Adrien E. (57204519454); Zhang, Edward Z. (7102686951); Beard, Paul C. (7006238023); Alles, Erwin J. (57200169959)","57222285770; 7801671480; 36605240600; 57193590358; 57204519454; 7102686951; 7006238023; 57200169959","Multimodal optical ultrasound imaging: Real-time imaging under concurrent CT or MRI","2024","APL Photonics","9","9","096103","","","","1","10.1063/5.0225554","https://www.scopus.com/inward/record.uri?eid=2-s2.0-85203107695&doi=10.1063%2f5.0225554&partnerID=40&md5=4f87f39593c4091b1ba5814414da625e","Article","Final","All Open Access; Gold Open Access; Green Open Access","Scopus","2-s2.0-85203107695"
"Yao T.; Pajaziti E.; Quail M.; Schievano S.; Steeden J.; Muthurangu V.","Yao, Tina (58161103900); Pajaziti, Endrit (57210072642); Quail, Michael (35380885000); Schievano, Silvia (13410386200); Steeden, Jennifer (36605240600); Muthurangu, Vivek (7801671480)","58161103900; 57210072642; 35380885000; 13410386200; 36605240600; 7801671480","Image2Flow: A proof-of-concept hybrid image and graph convolutional neural network for rapid patient-specific pulmonary artery segmentation and CFD flow field calculation from 3D cardiac MRI data","2024","PLoS Computational Biology","20","6 June","e1012231","","","","3","10.1371/journal.pcbi.1012231","https://www.scopus.com/inward/record.uri?eid=2-s2.0-85196436557&doi=10.1371%2fjournal.pcbi.1012231&partnerID=40&md5=024fc8e533d2bb408da4a2ddcc3c0fc5","Article","Final","All Open Access; Gold Open Access","Scopus","2-s2.0-85196436557"
"Montalt-Tordera J.; Pajaziti E.; Jones R.; Sauvage E.; Puranik R.; Singh A.A.V.; Capelli C.; Steeden J.; Schievano S.; Muthurangu V.","Montalt-Tordera, Javier (57204789341); Pajaziti, Endrit (57210072642); Jones, Rod (55722599100); Sauvage, Emilie (57199718533); Puranik, Rajesh (11139015400); Singh, Aakansha Ajay Vir (57669807400); Capelli, Claudio (24922737800); Steeden, Jennifer (36605240600); Schievano, Silvia (13410386200); Muthurangu, Vivek (7801671480)","57204789341; 57210072642; 55722599100; 57199718533; 11139015400; 57669807400; 24922737800; 36605240600; 13410386200; 7801671480","Automatic segmentation of the great arteries for computational hemodynamic assessment","2022","Journal of Cardiovascular Magnetic Resonance","24","1","57","","","","8","10.1186/s12968-022-00891-z","https://www.scopus.com/inward/record.uri?eid=2-s2.0-85141393404&doi=10.1186%2fs12968-022-00891-z&partnerID=40&md5=395b54c2c381f0f1e1281432be2d7825","Article","Final","All Open Access; Gold Open Access; Green Open Access","Scopus","2-s2.0-85141393404"
"Biglino G.; Steeden J.A.; Baker C.; Schievano S.; Taylor A.M.; Parker K.H.; Muthurangu V.","Biglino, Giovanni (23099141600); Steeden, Jennifer A. (36605240600); Baker, Catriona (57198875486); Schievano, Silvia (13410386200); Taylor, Andrew M. (57195810900); Parker, Kim H. (7401598095); Muthurangu, Vivek (7801671480)","23099141600; 36605240600; 57198875486; 13410386200; 57195810900; 7401598095; 7801671480","A non-invasive clinical application of wave intensity analysis based on ultrahigh temporal resolution phase-contrast cardiovascular magnetic resonance","2012","Journal of Cardiovascular Magnetic Resonance","14","1","57","","","","46","10.1186/1532-429X-14-57","https://www.scopus.com/inward/record.uri?eid=2-s2.0-84864645135&doi=10.1186%2f1532-429X-14-57&partnerID=40&md5=12a73341f73a3a37adcea8618ecb164c","Article","Final","All Open Access; Gold Open Access; Green Open Access","Scopus","2-s2.0-84864645135"
"Cheang M.H.; Kowalik G.T.; Quail M.A.; Steeden J.A.; Hothi D.; Tullus K.; Muthurangu V.","Cheang, Mun H. (56976091500); Kowalik, Gregorz T. (6602362169); Quail, Michael A. (35380885000); Steeden, Jennifer A. (36605240600); Hothi, Daljit (13604772600); Tullus, Kjell (16409790600); Muthurangu, Vivek (7801671480)","56976091500; 6602362169; 35380885000; 36605240600; 13604772600; 16409790600; 7801671480","The cardiovascular phenotype of childhood hypertension: a cardiac magnetic resonance study","2019","Pediatric Radiology","49","6","","727","736","9","6","10.1007/s00247-019-04393-6","https://www.scopus.com/inward/record.uri?eid=2-s2.0-85065341820&doi=10.1007%2fs00247-019-04393-6&partnerID=40&md5=0082d6efcc9bbe19ba594a6869c5d533","Article","Final","All Open Access; Green Open Access; Hybrid Gold Open Access","Scopus","2-s2.0-85065341820"
"Jiang Y.; Yao T.; Paliwal N.; Knight D.; Punjabi K.; Steeden J.; Hughes A.D.; Muthurangu V.; Davies R.","Jiang, Yue (58681466100); Yao, Tina (58161103900); Paliwal, Nikhil (56578312200); Knight, Daniel (55589453200); Punjabi, Karan (57392659400); Steeden, Jennifer (36605240600); Hughes, Alun D. (57207789660); Muthurangu, Vivek (7801671480); Davies, Rhodri (57198821565)","58681466100; 58161103900; 56578312200; 55589453200; 57392659400; 36605240600; 57207789660; 7801671480; 57198821565","Fully automated measurement of aortic pulse wave velocity from routine cardiac MRI studies","2025","Magnetic Resonance Imaging","122","","110442","","","","0","10.1016/j.mri.2025.110442","https://www.scopus.com/inward/record.uri?eid=2-s2.0-105008044484&doi=10.1016%2fj.mri.2025.110442&partnerID=40&md5=f7411a2ec6d3ca825e7bec4cde1b4ce7","Article","Final","","Scopus","2-s2.0-105008044484"
"Steeden J.A.; Pandya B.; Tann O.; Muthurangu V.","Steeden, Jennifer A (36605240600); Pandya, Bejal (12545915200); Tann, Oliver (24339325500); Muthurangu, Vivek (7801671480)","36605240600; 12545915200; 24339325500; 7801671480","Free breathing contrast-enhanced time-resolved magnetic resonance angiography in pediatric and adult congenital heart disease","2015","Journal of Cardiovascular Magnetic Resonance","17","1","38","","","","23","10.1186/s12968-015-0138-9","https://www.scopus.com/inward/record.uri?eid=2-s2.0-84929400117&doi=10.1186%2fs12968-015-0138-9&partnerID=40&md5=f35f55f94dc89af7df71edd5670f7471","Article","Final","All Open Access; Gold Open Access; Green Open Access","Scopus","2-s2.0-84929400117"
"Biglino G.; Schievano S.; Steeden J.A.; Ntsinjana H.; Baker C.; Khambadkone S.; De Leval M.R.; Hsia T.-Y.; Taylor A.M.; Giardini A.","Biglino, Giovanni (23099141600); Schievano, Silvia (13410386200); Steeden, Jennifer A. (36605240600); Ntsinjana, Hopewell (53866882200); Baker, Catriona (57198875486); Khambadkone, Sachin (6603345564); De Leval, Marc R. (7101959705); Hsia, Tain-Yen (54883432300); Taylor, Andrew M. (57195810900); Giardini, Alessandro (7006043205)","23099141600; 13410386200; 36605240600; 53866882200; 57198875486; 6603345564; 7101959705; 54883432300; 57195810900; 7006043205","Reduced ascending aorta distensibility relates to adverse ventricular mechanics in patients with hypoplastic left heart syndrome: Noninvasive study using wave intensity analysis","2012","Journal of Thoracic and Cardiovascular Surgery","144","6","","1307","1314","7","54","10.1016/j.jtcvs.2012.08.028","https://www.scopus.com/inward/record.uri?eid=2-s2.0-84869084163&doi=10.1016%2fj.jtcvs.2012.08.028&partnerID=40&md5=d9b4b9c7d11675ee6c8d97cbe0a15745","Article","Final","All Open Access; Bronze Open Access","Scopus","2-s2.0-84869084163"
"Fengler K.; Rommel K.-P.; Blazek S.; Von Roeder M.; Besler C.; Lücke C.; Gutberlet M.; Steeden J.; Quail M.; Desch S.; Thiele H.; Muthurangu V.; Lurz P.","Fengler, Karl (56248317700); Rommel, Karl-Philipp (56189616500); Blazek, Stephan (55567849800); Von Roeder, Maximilian (56700270000); Besler, Christian (16836080100); Lücke, Christian (35795901100); Gutberlet, Matthias (26643221400); Steeden, Jennifer (36605240600); Quail, Michael (35380885000); Desch, Steffen (6603605031); Thiele, Holger (57223640812); Muthurangu, Vivek (7801671480); Lurz, Philipp (35810676500)","56248317700; 56189616500; 55567849800; 56700270000; 16836080100; 35795901100; 26643221400; 36605240600; 35380885000; 6603605031; 57223640812; 7801671480; 35810676500","Cardiac magnetic resonance assessment of central and peripheral vascular function in patients undergoing renal sympathetic denervation as predictor for blood pressure response","2018","Clinical Research in Cardiology","107","10","","945","955","10","17","10.1007/s00392-018-1267-6","https://www.scopus.com/inward/record.uri?eid=2-s2.0-85046655098&doi=10.1007%2fs00392-018-1267-6&partnerID=40&md5=7a7141b4627cf382d74d72eea9fce7df","Article","Final","All Open Access; Green Open Access","Scopus","2-s2.0-85046655098"
"Ross J.C.; Hutt D.F.; Burniston M.; Page J.; Steeden J.A.; Gillmore J.D.; Wechalekar A.D.; Hawkins P.N.; Fontana M.","Ross, James C. (57200181229); Hutt, David F. (55985822300); Burniston, Maria (6602332136); Page, Joanne (56701783400); Steeden, Jennifer A. (36605240600); Gillmore, Julian D. (7003539031); Wechalekar, Ashutosh D. (6506002568); Hawkins, Philip N. (35464959200); Fontana, Marianna (16306839900)","57200181229; 55985822300; 6602332136; 56701783400; 36605240600; 7003539031; 6506002568; 35464959200; 16306839900","Quantitation of 99mTc-DPD uptake in patients with transthyretin-related cardiac amyloidosis","2018","Amyloid","25","3","","203","210","7","46","10.1080/13506129.2018.1520087","https://www.scopus.com/inward/record.uri?eid=2-s2.0-85057567581&doi=10.1080%2f13506129.2018.1520087&partnerID=40&md5=17d22b7ff0033f811f45470d245e65ca","Article","Final","","Scopus","2-s2.0-85057567581"
"Montalt-Tordera J.; Steeden J.A.; Muthurangu V.","Montalt-Tordera, Javier (57204789341); Steeden, Jennifer A. (36605240600); Muthurangu, Vivek (7801671480)","57204789341; 36605240600; 7801671480","Editorial for “Automatic Time-Resolved Cardiovascular Segmentation of 4D Flow MRI Using Deep Learning”","2023","Journal of Magnetic Resonance Imaging","57","1","","204","205","1","0","10.1002/jmri.28220","https://www.scopus.com/inward/record.uri?eid=2-s2.0-85129241344&doi=10.1002%2fjmri.28220&partnerID=40&md5=0ae4f4752220fb9159901dd6936a3e68","Editorial","Final","","Scopus","2-s2.0-85129241344"
"Jones A.; Pruessner J.C.; McMillan M.R.; Jones R.W.; Kowalik G.T.; Steeden J.A.; Williams B.; Taylor A.M.; Muthurangu V.","Jones, Alexander (12795736600); Pruessner, Jens C. (6603802136); McMillan, Merlin R. (55557049300); Jones, Russell W. (7501543550); Kowalik, Grzegorz T. (6602362169); Steeden, Jennifer A. (36605240600); Williams, Bryan (7404503273); Taylor, Andrew M. (57195810900); Muthurangu, Vivek (7801671480)","12795736600; 6603802136; 55557049300; 7501543550; 6602362169; 36605240600; 7404503273; 57195810900; 7801671480","Physiological adaptations to chronic stress in healthy humans – why might the sexes have evolved different energy utilisation strategies?","2016","Journal of Physiology","594","15","","4297","4307","10","15","10.1113/JP272021","https://www.scopus.com/inward/record.uri?eid=2-s2.0-84979955953&doi=10.1113%2fJP272021&partnerID=40&md5=5ff12e4e8cb731374d943766c1153217","Article","Final","All Open Access; Green Open Access","Scopus","2-s2.0-84979955953"
"Knight D.S.; Steeden J.A.; Moledina S.; Jones A.; Coghlan J.G.; Muthurangu V.","Knight, Daniel S. (55589453200); Steeden, Jennifer A. (36605240600); Moledina, Shahin (23985897400); Jones, Alexander (12795736600); Coghlan, J. Gerry (35393553500); Muthurangu, Vivek (7801671480)","55589453200; 36605240600; 23985897400; 12795736600; 35393553500; 7801671480","Left ventricular diastolic dysfunction in pulmonary hypertension predicts functional capacity and clinical worsening: A tissue phase mapping study","2015","Journal of Cardiovascular Magnetic Resonance","17","1","116","","","","41","10.1186/s12968-015-0220-3","https://www.scopus.com/inward/record.uri?eid=2-s2.0-84952315618&doi=10.1186%2fs12968-015-0220-3&partnerID=40&md5=13d8342adb01979afb054181e65ede7c","Article","Final","All Open Access; Gold Open Access; Green Open Access","Scopus","2-s2.0-84952315618"
"Steeden J.A.; Atkinson D.; Jones A.; Muthurangu V.","Steeden, Jennifer A (36605240600); Atkinson, David (57216116485); Jones, Alexander (12795736600); Muthurangu, Vivek (7801671480)","36605240600; 57216116485; 12795736600; 7801671480","Velocity unwrap for high resolution slice-selective Fourier Velocity Encoding using spiral SENSE","2012","Journal of Cardiovascular Magnetic Resonance","14","","W25","","","","0","10.1186/1532-429X-14-S1-W25","https://www.scopus.com/inward/record.uri?eid=2-s2.0-85181839602&doi=10.1186%2f1532-429X-14-S1-W25&partnerID=40&md5=a324ccc9d95a9dcea7bacf951feb77ed","Article","Final","All Open Access; Gold Open Access; Green Open Access","Scopus","2-s2.0-85181839602"
"Montalt-Tordera J.; Muthurangu V.; Hauptmann A.; Steeden J.A.","Montalt-Tordera, Javier (57204789341); Muthurangu, Vivek (7801671480); Hauptmann, Andreas (56180904900); Steeden, Jennifer Anne (36605240600)","57204789341; 7801671480; 56180904900; 36605240600","Machine learning in Magnetic Resonance Imaging: Image reconstruction","2021","Physica Medica","83","","","79","87","8","44","10.1016/j.ejmp.2021.02.020","https://www.scopus.com/inward/record.uri?eid=2-s2.0-85102270001&doi=10.1016%2fj.ejmp.2021.02.020&partnerID=40&md5=34e5d56b587b835da45bd5e05e1f7887","Review","Final","All Open Access; Bronze Open Access; Green Open Access","Scopus","2-s2.0-85102270001"
